{
  "name": "candle-generated",
  "msg": {
    "active_id": 1,
    "size": 5,
    "at": 1534758724313867200,
    "from": 1534758720,
    "to": 1534758725,
    "id": 3607348,
    "open": 1.141055,
    "close": 1.14107,
    "min": 1.141035,
    "max": 1.14107,
    "ask": 1.14115,
    "bid": 1.14099,
    "volume": 0
  }
}