{
  "name": "candle-generated",
  "msg": {
    "active_id": 1,
    "size": 1,
    "at": 1549996865070703652,
    "from": 1549996865,
    "to": 1549996866,
    "id": 28719084,
    "open": 1.133005,
    "close": 1.133005,
    "min": 1.133005,
    "max": 1.133005,
    "ask": 1.13311,
    "bid": 1.1329,
    "volume": 0,
    "phase": "T"
  }
}